功能编号,功能名称,状态,简要说明,功能说明,截图路径
DC01-1,今日灵感,live,探索首页下拉刷新功能，下拉后展示每日推荐灵感内容,"1.展示位置：探索首页「旅途灵感」Tab下，页面顶部。2.触发方式：在页面顶部下拉刷新。3.下拉状态：下拉时展示提示文案「下拉获取今日灵感」+向下箭头图标。4.释放刷新：下拉到一定距离后释放，触发刷新获取当日推荐内容。5.灵感内容：刷新后展示每日推荐的目的地、酒店、活动等内容卡片。6.授权提示：首次使用可能需要位置/个性化推荐授权。7.空态/无权限：未授权时展示授权引导或默认内容。8.交互说明：下拉→释放→加载新内容→展示当日灵感卡片流。","images/探索/探索今日灵感.png | images/探索/探索今日灵感下拉.png"
DC01-2,4张内容卡片,live,探索首页双列布局内容卡片，展示限时促销、目的地探索、新酒店开业、品牌大使等推荐内容,"1.展示位置：探索首页「旅途灵感」Tab下，位于今日灵感入口下方。2.布局方式：2×2双列网格布局，共4张卡片。3.卡片内容：左上「限时促销」威斯汀酒店促销卡片；右上「开启江浙沪的精彩奇遇」目的地探索卡片；左下「即刻启程」上海外滩瑞吉酒店新开业卡片；右下「与万丽大使领航员马伯庸一起发现未见」品牌大使/活动卡片。4.标签标识：每张卡片右上角带「新」标签，标识新上线内容。5.浏览量：部分卡片展示浏览量数据（如37,000+）。6.交互说明：点击卡片进入对应内容详情页或活动页面。7.展示逻辑：由运营后台配置，定期更新推荐内容。",images/探索/4个内容.png
DC01-3,目的地卡片,live,「值得探索的目的地」模块，展示城市目的地推荐卡片，支持换一批刷新,"1.展示位置：探索首页「旅途灵感」Tab下，位于4张内容卡片下方。2.模块标题：「值得探索的目的地」。3.换一换按钮：标题右侧「换一换」按钮，点击刷新展示另一批目的地推荐。4.卡片布局：2×2双列网格布局，每张卡片展示目的地图片+城市名称+「立即探索」标签。5.目的地示例：珀斯、九寨沟、三亚海棠湾、苏梅岛、首尔、乌鲁木齐、长沙、中国香港等。6.酒店目的地：部分卡片展示具体酒店（如香港喜来登酒店、香港瑞吉酒店）。7.交互说明：点击卡片进入对应目的地详情页或酒店详情页。8.刷新机制：点击「换一换」从推荐池随机加载新一批目的地。",images/探索/目的地.png
DC01-4,下方内容列表,live,探索首页底部纵向内容列表，展示品牌故事、会员活动、酒店推荐等图文内容,"1.展示位置：探索首页「旅途灵感」Tab下，位于目的地卡片下方，纵向列表布局。2.内容类型：品牌故事、会员活动、酒店推荐、目的地攻略等。3.列表项示例：「南京丽思卡尔顿酒店」酒店推荐卡片；「即刻启程 上海外滩瑞吉酒店」新酒店推荐；「潮玩南京 心选假日」目的地活动；「万豪旅享家 苏州W酒店」品牌酒店推荐；「潮玩 Sanlitun 北京」城市攻略；「万豪旅享家 广州丽思卡尔顿酒店」酒店推荐。4.卡片结构：左侧图片+右侧标题文案，或全宽图片+底部文案叠加。5.品牌标识：部分卡片展示万豪品牌Logo。6.交互说明：点击列表项进入对应内容详情页或酒店详情页。7.加载机制：支持下拉加载更多内容，无限滚动浏览。",images/探索/内容流.png
DC02,品牌专区,live,万豪旗下品牌专区，展示品牌列表和品牌详情页（品牌故事+旗下酒店列表）,"1.入口：探索首页点击「品牌之家」Tab进入。2.品牌列表：展示万豪旗下各品牌（如万豪、喜来登、W酒店等）的专区入口。3.品牌卡片：每个品牌展示品牌Logo、品牌特色图片、品牌简介。4.品牌详情页：点击品牌卡片进入，展示品牌头图、品牌故事介绍、旗下酒店列表、品牌特色体验内容。5.旗下酒店：展示该品牌在全球或本地的酒店列表，支持点击进入酒店详情。6.特色体验：展示品牌专属服务、餐饮、活动等特色内容。7.交互说明：支持上下滑动浏览，点击酒店卡片跳转酒店详情页。8.暗黑模式：品牌列表和详情页均支持暗黑模式。",images/探索/UI__Discover CN App 1.2__brand sub-tab.png
DC03,灵感分类,live,探索页面灵感分类内容，包含目的地、新开业酒店、餐饮、商务、休闲等分类,"1.入口：探索首页点击「旅途灵感」Tab进入。2.分类导航：目的地、新开业酒店、餐饮、商务、休闲等分类标签。3.目的地：城市/景点目的地指南，展示目的地特色内容与推荐酒店，如「值得探索的目的地」板块展示武汉、南京、苏州等城市卡片。4.新开业酒店：最新开业酒店推荐专区，展示酒店头图、名称、品牌标识、开业时间、所在城市。5.餐饮：餐厅推荐与餐饮体验内容，展示酒店内外特色餐饮。6.商务：商务出行专题内容，展示商务酒店、会议设施、商务服务。7.休闲：度假休闲专题内容，展示度假酒店、休闲体验、家庭出行。8.内容卡片：各分类下展示图文卡片，支持点击进入内容详情页。9.交互说明：点击卡片进入内容详情页或酒店详情页，支持收藏到愿望清单。",images/探索/UI__Discover CN App 1.2__inspiration sub-tab.png
DC04,内容详情页,live,图文/视频内容详情页，含预订CTA，支持内容种草后直接转化,"1.页面结构：顶部头图/视频、内容标题、正文图文内容、相关酒店/体验推荐、预订CTA。2.内容形式：支持长图文、图片画廊、嵌入视频等多种内容形式。3.预订CTA：内容页底部或相关推荐卡片带「预订」按钮，支持直接跳转酒店预订流程。4.交互说明：支持收藏内容、分享至微信好友/朋友圈、收藏酒店到愿望清单。5.返回按钮：左上角返回上一页。6.暗黑模式：全页面暗黑模式适配。",images/探索/UI__Discover CN App 1.2__native campaign page.png
DC05,每日海报,live,每日推荐全屏海报，沉浸式内容展示，支持分享和收藏,"1.展示形式：全屏沉浸式海报卡片，每日更新推荐内容。2.内容类型：目的地推荐、酒店特色、活动推广、品牌故事等。3.视觉设计：大幅精美图片/视频背景，叠加标题文案和CTA按钮。4.左右滑动：支持左右滑动切换多张海报。5.分享功能：点击分享按钮，支持分享至微信好友、微信朋友圈、保存本地、复制链接。6.收藏功能：点击收藏按钮（心形图标），收藏后内容关联到用户愿望清单，可在【账户-愿望清单】中查看。7.关联酒店：海报关联酒店/目的地可直接跳转详情页。8.暗黑模式：全屏海报暗黑模式适配。","images/探索/UI__Discover CN App 1.2__daily poster.png | images/探索/现有功能截图__APP__探索__3-点击收藏.jpg"
DC06,探索引导入口,live,各页面底部的探索频道引导入口，引导用户从其他场景进入探索内容,"1.展示位置：首页、酒店详情页、预订完成页等页面底部。2.引导形式：文案引导+探索内容卡片预览。3.文案示例：「探索更多精彩」「发现旅途灵感」「探索目的地攻略」等。4.交互说明：点击引导入口进入探索首页，展示对应分类内容。5.个性化：根据用户浏览/预订历史，推荐相关探索内容。",images/探索/UI__Discover CN App 1.2__CTA to Discover.png
